E_EXPACS_binning,E_ICRP116_binning,E_ICRP74_binning,E_TRS403_binning,E_AP_ICRP116,E_PA_ICRP116,E_LLAT_ICRP116,E_RLAT_ICRP116,E_ROT_ICRP116,E_ISO_ICRP116,E_ISO_ICRP74,H10_ICRP74,E_ISO_TRS403,H10_TRS403
1.000E-09,1.00E-09,1.00E-09,1.00E-09,3.09,1.85,1.04,0.89,1.7,1.29,2.40,6.60,2.43,6.75E+00
1.260E-09,1.00E-08,1.00E-08,2.15E-09,3.55,2.11,1.15,0.98,2.03,1.56,2.89,9.00,2.53,7.29E+00
1.580E-09,2.50E-08,2.53E-08,4.64E-09,4,2.44,1.32,1.12,2.31,1.76,3.30,10.60,2.74,8.29E+00
2.000E-09,1.00E-07,1.00E-07,1.00E-08,5.2,3.25,1.7,1.42,2.98,2.26,4.13,12.90,3.06,9.78E+00
2.510E-09,2.00E-07,2.00E-07,2.15E-08,5.87,3.72,1.94,1.63,3.36,2.54,4.59,13.50,3.35,1.06E+01
3.160E-09,5.00E-07,5.00E-07,4.64E-08,6.59,4.33,2.21,1.86,3.86,2.92,5.20,13.60,3.95,1.27E+01
3.980E-09,1.00E-06,1.00E-06,1.00E-07,7.03,4.73,2.4,2.02,4.17,3.15,5.63,13.30,4.41,1.34E+01
5.010E-09,2.00E-06,2.00E-06,2.15E-07,7.39,5.02,2.52,2.11,4.4,3.32,5.96,12.90,4.66,1.26E+01
6.310E-09,5.00E-06,5.00E-06,4.64E-07,7.71,5.3,2.64,2.21,4.59,3.47,6.28,12.00,5.28,1.31E+01
7.940E-09,1.00E-05,1.00E-05,1.00E-06,7.82,5.44,2.65,2.24,4.68,3.52,6.44,11.30,5.72,1.29E+01
1.000E-08,2.00E-05,2.00E-05,2.15E-06,7.84,5.51,2.68,2.26,4.72,3.54,6.51,10.60,5.89,1.26E+01
1.260E-08,5.00E-05,5.00E-05,4.64E-06,7.82,5.55,2.66,2.24,4.73,3.55,6.51,9.90,6.24,1.16E+01
1.580E-08,1.00E-04,1.00E-04,1.00E-05,7.79,5.57,2.65,2.23,4.72,3.54,6.45,9.40,6.41,1.10E+01
2.000E-08,2.00E-04,2.00E-04,2.15E-05,7.73,5.59,2.66,2.24,4.67,3.52,6.32,8.90,6.39,1.04E+01
2.510E-08,5.00E-04,5.00E-04,4.64E-05,7.54,5.6,2.62,2.21,4.6,3.47,6.14,8.30,6.44,9.93E+00
3.160E-08,1.00E-03,1.00E-03,1.00E-04,7.54,5.6,2.61,2.21,4.58,3.46,6.04,7.90,6.37,9.26E+00
3.980E-08,2.00E-03,2.00E-03,2.15E-04,7.61,5.62,2.6,2.2,4.61,3.48,6.05,7.70,6.18,8.77E+00
5.010E-08,5.00E-03,5.00E-03,4.64E-04,7.97,5.95,2.74,2.33,4.86,3.66,6.52,8.00,6.11,8.25E+00
6.310E-08,1.00E-02,1.00E-02,1.00E-03,9.11,6.81,3.13,2.67,5.57,4.19,7.70,10.50,6.05,7.85E+00
7.940E-08,2.00E-02,2.00E-02,2.15E-03,12.2,8.93,4.21,3.6,7.41,5.61,10.20,16.60,6.26,7.98E+00
1.000E-07,3.00E-02,3.00E-02,4.64E-03,15.7,11.2,5.4,4.62,9.46,7.18,12.70,23.70,6.97,8.69E+00
1.260E-07,5.00E-02,5.00E-02,1.00E-02,23,15.7,7.91,6.78,13.7,10.4,17.30,41.10,8.02,1.13E+01
1.580E-07,7.00E-02,7.00E-02,1.25E-02,30.6,20,10.5,8.95,18,13.7,21.50,60.00,8.71,1.28E+01
2.000E-07,1.00E-01,1.00E-01,1.58E-02,41.9,25.9,14.4,12.3,24.3,18.6,27.20,88.00,9.63,1.51E+01
2.510E-07,1.50E-01,1.50E-01,1.99E-02,60.6,34.9,20.8,17.9,34.7,26.6,35.20,132.00,10.80,1.82E+01
3.160E-07,2.00E-01,2.00E-01,2.51E-02,78.8,43.1,27.2,23.4,44.7,34.4,42.40,170.00,12.20,2.23E+01
3.980E-07,3.00E-01,3.00E-01,3.16E-02,114,58.1,39.7,34.2,63.8,49.4,54.70,233.00,14.00,2.80E+01
5.010E-07,5.00E-01,5.00E-01,3.98E-02,177,85.9,63.7,54.4,99.1,77.1,75.00,322.00,16.10,3.61E+01
6.310E-07,7.00E-01,7.00E-01,5.01E-02,232,112,85.5,72.6,131,102,92.80,375.00,18.60,4.69E+01
7.940E-07,9.00E-01,9.00E-01,6.30E-02,279,136,105,89.3,160,126,108.00,400.00,21.60,6.07E+01
1.000E-06,1.00E+00,1.00E+00,7.94E-02,301,148,115,97.4,174,137,116.00,416.00,25.20,7.81E+01
1.260E-06,1.20E+00,1.20E+00,1.00E-01,330,167,130,110,193,153,130.00,425.00,29.30,9.91E+01
1.580E-06,1.50E+00,2.00E+00,1.25E-01,365,195,150,128,219,174,178.00,420.00,33.80,1.24E+02
2.000E-06,2.00E+00,3.00E+00,1.58E-01,407,235,179,153,254,203,220.00,412.00,39.20,1.54E+02
2.510E-06,3.00E+00,4.00E+00,1.99E-01,458,292,221,192,301,244,250.00,408.00,45.60,1.86E+02
3.160E-06,4.00E+00,5.00E+00,2.51E-01,483,330,249,220,331,271,272.00,405.00,52.60,2.22E+02
3.980E-06,5.00E+00,6.00E+00,3.16E-01,494,354,269,240,351,290,282.00,400.00,60.50,2.61E+02
5.010E-06,6.00E+00,7.00E+00,3.98E-01,498,371,284,255,365,303,290.00,405.00,69.90,3.02E+02
6.310E-06,7.00E+00,8.00E+00,5.01E-01,499,383,295,267,374,313,297.00,409.00,80.80,3.42E+02
7.940E-06,8.00E+00,9.00E+00,6.30E-01,499,392,303,276,381,321,303.00,420.00,93.40,3.76E+02
1.000E-05,9.00E+00,1.00E+01,7.94E-01,500,398,310,284,386,327,309.00,440.00,107.00,3.98E+02
1.260E-05,1.00E+01,1.20E+01,1.00E+00,500,404,316,290,390,332,322.00,480.00,125.00,4.27E+02
1.580E-05,1.20E+01,1.40E+01,1.25E+00,499,412,325,301,395,339,333.00,520.00,142.00,4.14E+02
2.000E-05,1.40E+01,1.50E+01,1.58E+00,495,417,333,310,398,344,338.00,540.00,163.00,3.97E+02
2.510E-05,1.50E+01,1.60E+01,1.99E+00,493,419,336,313,398,346,342.00,555.00,189.00,4.13E+02
3.160E-05,1.60E+01,1.80E+01,2.51E+00,490,420,338,317,399,347,345.00,570.00,213.00,4.13E+02
3.980E-05,1.80E+01,2.00E+01,3.16E+00,484,422,343,323,399,350,343.00,600.00,237.00,4.09E+02
5.010E-05,2.00E+01,3.00E+01,3.98E+00,477,423,347,328,398,352,0,515.00,261.00,4.06E+02
6.310E-05,2.10E+01,5.00E+01,5.01E+00,474,423,348,330,398,353,0,400.00,279.00,4.01E+02
7.940E-05,3.00E+01,7.50E+01,6.30E+00,453,422,360,345,395,358,0,330.00,290.00,4.05E+02
1.000E-04,5.00E+01,1.00E+02,7.94E+00,433,428,380,370,395,371,0,285.00,302.00,4.18E+02
1.259E-04,7.50E+01,1.25E+02,1.00E+01,420,439,399,392,402,387,0,260.00,325.00,4.91E+02
1.585E-04,1.00E+02,1.50E+02,1.58E+01,402,444,409,404,406,397,0,245.00,343.00,5.96E+02
1.995E-04,1.30E+02,1.75E+02,2.51E+01,382,446,416,413,411,407,0,250.00,0.00,4.00E+02
2.512E-04,1.50E+02,2.01E+02,3.98E+01,373,446,420,418,414,412,0,260.00,0.00,3.99E+02
3.162E-04,1.80E+02,5.00E+02,6.30E+01,363,447,425,425,418,421,,290.00,0.00,3.20E+02
3.981E-04,2.00E+02,1.00E+03,1.00E+02,359,448,427,429,422,426,,377.00,0.00,2.59E+02
5.012E-04,3.00E+02,5.00E+03,1.58E+02,363,464,441,451,443,455,,492.00,0.00,2.59E+02
6.310E-04,4.00E+02,1.00E+04,2.51E+02,389,496,472,483,472,488,,523.00,0.00,0.00E+00
7.943E-04,5.00E+02,,3.98E+02,422,533,510,523,503,521,,,0.00,0.00E+00
1.000E-03,6.00E+02,,6.30E+02,457,569,547,563,532,553,,,0.00,0.00E+00
1.259E-03,7.00E+02,,,486,599,579,597,558,580,,,,
1.585E-03,8.00E+02,,,508,623,603,620,580,604,,,,
1.995E-03,9.00E+02,,,524,640,621,638,598,624,,,,
2.512E-03,1.00E+03,,,537,654,635,651,614,642,,,,
3.162E-03,2.00E+03,,,612,740,730,747,718,767,,,,
3.981E-03,5.00E+03,,,716,924,963,979,906,1010,,,,
5.012E-03,1.00E+04,,,933,1170,1230,1260,1140,1320,,,,
6.310E-03,0,,,0,0,0,0,0,0,,,,
7.943E-03,0,,,0,0,0,0,0,0,,,,
1.000E-02,0,,,0,0,0,0,0,0,,,,
1.259E-02,0,,,0,0,0,0,0,0,,,,
1.585E-02,0,,,0,0,0,0,0,0,,,,
1.995E-02,0,,,0,0,0,0,0,0,,,,
2.512E-02,0,,,0,0,0,0,0,0,,,,
3.162E-02,0,,,0,0,0,0,0,0,,,,
3.981E-02,0,,,0,0,0,0,0,0,,,,
5.012E-02,0,,,0,0,0,0,0,0,,,,
6.310E-02,0,,,0,0,0,0,0,0,,,,
7.943E-02,0,,,0,0,0,0,0,0,,,,
1.000E-01,0,,,0,0,0,0,0,0,,,,
1.259E-01,0,,,0,0,0,0,0,0,,,,
1.585E-01,0,,,0,0,0,0,0,0,,,,
1.995E-01,0,,,0,0,0,0,0,0,,,,
2.512E-01,0,,,0,0,0,0,0,0,,,,
3.162E-01,0,,,0,0,0,0,0,0,,,,
3.981E-01,0,,,0,0,0,0,0,0,,,,
5.012E-01,0,,,0,0,0,0,0,0,,,,
6.310E-01,0,,,0,0,0,0,0,0,,,,
7.943E-01,0,,,0,0,0,0,0,0,,,,
1.000E+00,0,,,0,0,0,0,0,0,,,,
1.259E+00,0,,,0,0,0,0,0,0,,,,
1.585E+00,0,,,0,0,0,0,0,0,,,,
1.995E+00,0,,,0,0,0,0,0,0,,,,
2.512E+00,0,,,0,0,0,0,0,0,,,,
3.162E+00,0,,,0,0,0,0,0,0,,,,
3.981E+00,0,,,0,0,0,0,0,0,,,,
5.012E+00,0,,,0,0,0,0,0,0,,,,
6.310E+00,0,,,0,0,0,0,0,0,,,,
7.943E+00,0,,,0,0,0,0,0,0,,,,
1.000E+01,0,,,0,0,0,0,0,0,,,,
1.259E+01,0,,,0,0,0,0,0,0,,,,
1.585E+01,0,,,0,0,0,0,0,0,,,,
1.995E+01,0,,,0,0,0,0,0,0,,,,
2.512E+01,0,,,0,0,0,0,0,0,,,,
3.162E+01,0,,,0,0,0,0,0,0,,,,
3.981E+01,0,,,0,0,0,0,0,0,,,,
5.012E+01,0,,,0,0,0,0,0,0,,,,
6.310E+01,0,,,0,0,0,0,0,0,,,,
7.943E+01,0,,,0,0,0,0,0,0,,,,
1.000E+02,0,,,0,0,0,0,0,0,,,,
1.259E+02,0,,,0,0,0,0,0,0,,,,
1.585E+02,0,,,0,0,0,0,0,0,,,,
1.995E+02,0,,,0,0,0,0,0,0,,,,
2.512E+02,0,,,0,0,0,0,0,0,,,,
3.162E+02,0,,,0,0,0,0,0,0,,,,
3.981E+02,0,,,0,0,0,0,0,0,,,,
5.012E+02,0,,,0,0,0,0,0,0,,,,
6.310E+02,0,,,0,0,0,0,0,0,,,,
7.943E+02,0,,,0,0,0,0,0,0,,,,
1.000E+03,0,,,0,0,0,0,0,0,,,,
1.259E+03,0,,,0,0,0,0,0,0,,,,
1.585E+03,0,,,0,0,0,0,0,0,,,,
1.995E+03,0,,,0,0,0,0,0,0,,,,
2.512E+03,0,,,0,0,0,0,0,0,,,,
3.162E+03,0,,,0,0,0,0,0,0,,,,
3.981E+03,0,,,0,0,0,0,0,0,,,,
5.012E+03,0,,,0,0,0,0,0,0,,,,
6.310E+03,0,,,0,0,0,0,0,0,,,,
7.943E+03,0,,,0,0,0,0,0,0,,,,
