Emid,Ewid,Elower,Eupper
1.13E-09,2.59E-10,1.00E-09,1.27E-09
1.42E-09,3.26E-10,1.27E-09,1.60E-09
1.79E-09,4.10E-10,1.60E-09,2.01E-09
2.25E-09,5.17E-10,2.01E-09,2.53E-09
2.84E-09,6.50E-10,2.53E-09,3.18E-09
3.57E-09,8.19E-10,3.18E-09,4.01E-09
4.50E-09,1.03E-09,4.01E-09,5.05E-09
5.66E-09,1.30E-09,5.05E-09,6.35E-09
7.13E-09,1.63E-09,6.35E-09,8.00E-09
8.97E-09,2.06E-09,8.00E-09,1.01E-08
1.13E-08,2.59E-09,1.01E-08,1.27E-08
1.42E-08,3.26E-09,1.27E-08,1.60E-08
1.79E-08,4.10E-09,1.60E-08,2.01E-08
2.25E-08,5.17E-09,2.01E-08,2.53E-08
2.84E-08,6.50E-09,2.53E-08,3.18E-08
3.57E-08,8.19E-09,3.18E-08,4.01E-08
4.50E-08,1.03E-08,4.01E-08,5.05E-08
5.66E-08,1.30E-08,5.05E-08,6.35E-08
7.13E-08,1.63E-08,6.35E-08,8.00E-08
8.97E-08,2.06E-08,8.00E-08,1.01E-07
1.13E-07,2.59E-08,1.01E-07,1.27E-07
1.42E-07,3.26E-08,1.27E-07,1.60E-07
1.79E-07,4.10E-08,1.60E-07,2.01E-07
2.25E-07,5.17E-08,2.01E-07,2.53E-07
2.84E-07,6.50E-08,2.53E-07,3.18E-07
3.57E-07,8.19E-08,3.18E-07,4.01E-07
4.50E-07,1.03E-07,4.01E-07,5.05E-07
5.66E-07,1.30E-07,5.05E-07,6.35E-07
7.13E-07,1.63E-07,6.35E-07,8.00E-07
8.97E-07,2.06E-07,8.00E-07,1.01E-06
1.13E-06,2.59E-07,1.01E-06,1.27E-06
1.42E-06,3.26E-07,1.27E-06,1.60E-06
1.79E-06,4.10E-07,1.60E-06,2.01E-06
2.25E-06,5.17E-07,2.01E-06,2.53E-06
2.84E-06,6.50E-07,2.53E-06,3.18E-06
3.57E-06,8.19E-07,3.18E-06,4.01E-06
4.50E-06,1.03E-06,4.01E-06,5.05E-06
5.66E-06,1.30E-06,5.05E-06,6.35E-06
7.13E-06,1.63E-06,6.35E-06,8.00E-06
8.97E-06,2.06E-06,8.00E-06,1.01E-05
1.13E-05,2.59E-06,1.01E-05,1.27E-05
1.42E-05,3.26E-06,1.27E-05,1.60E-05
1.79E-05,4.10E-06,1.60E-05,2.01E-05
2.25E-05,5.17E-06,2.01E-05,2.53E-05
2.84E-05,6.50E-06,2.53E-05,3.18E-05
3.57E-05,8.19E-06,3.18E-05,4.01E-05
4.50E-05,1.03E-05,4.01E-05,5.05E-05
5.66E-05,1.30E-05,5.05E-05,6.35E-05
7.13E-05,1.63E-05,6.35E-05,8.00E-05
8.97E-05,2.06E-05,8.00E-05,1.01E-04
1.13E-04,2.59E-05,1.01E-04,1.27E-04
1.42E-04,3.26E-05,1.27E-04,1.60E-04
1.79E-04,4.10E-05,1.60E-04,2.01E-04
2.25E-04,5.17E-05,2.01E-04,2.53E-04
2.84E-04,6.50E-05,2.53E-04,3.18E-04
3.57E-04,8.19E-05,3.18E-04,4.01E-04
4.50E-04,1.03E-04,4.01E-04,5.05E-04
5.66E-04,1.30E-04,5.05E-04,6.35E-04
7.13E-04,1.63E-04,6.35E-04,8.00E-04
8.97E-04,2.06E-04,8.00E-04,1.01E-03
1.13E-03,2.59E-04,1.01E-03,1.27E-03
1.42E-03,3.26E-04,1.27E-03,1.60E-03
1.79E-03,4.10E-04,1.60E-03,2.01E-03
2.25E-03,5.17E-04,2.01E-03,2.53E-03
2.84E-03,6.50E-04,2.53E-03,3.18E-03
3.57E-03,8.19E-04,3.18E-03,4.01E-03
4.50E-03,1.03E-03,4.01E-03,5.05E-03
5.66E-03,1.30E-03,5.05E-03,6.35E-03
7.13E-03,1.63E-03,6.35E-03,8.00E-03
8.97E-03,2.06E-03,8.00E-03,1.01E-02
1.13E-02,2.59E-03,1.01E-02,1.27E-02
1.42E-02,3.26E-03,1.27E-02,1.60E-02
1.79E-02,4.10E-03,1.60E-02,2.01E-02
2.25E-02,5.17E-03,2.01E-02,2.53E-02
2.84E-02,6.50E-03,2.53E-02,3.18E-02
3.57E-02,8.19E-03,3.18E-02,4.01E-02
4.50E-02,1.03E-02,4.01E-02,5.05E-02
5.66E-02,1.30E-02,5.05E-02,6.35E-02
7.13E-02,1.63E-02,6.35E-02,8.00E-02
8.97E-02,2.06E-02,8.00E-02,1.01E-01
1.13E-01,2.59E-02,1.01E-01,1.27E-01
1.42E-01,3.26E-02,1.27E-01,1.60E-01
1.79E-01,4.10E-02,1.60E-01,2.01E-01
2.25E-01,5.17E-02,2.01E-01,2.53E-01
2.84E-01,6.50E-02,2.53E-01,3.18E-01
3.57E-01,8.19E-02,3.18E-01,4.01E-01
4.50E-01,1.03E-01,4.01E-01,5.05E-01
5.66E-01,1.30E-01,5.05E-01,6.35E-01
7.13E-01,1.63E-01,6.35E-01,8.00E-01
8.97E-01,2.06E-01,8.00E-01,1.01E+00
1.13E+00,2.59E-01,1.01E+00,1.27E+00
1.42E+00,3.26E-01,1.27E+00,1.60E+00
1.79E+00,4.10E-01,1.60E+00,2.01E+00
2.25E+00,5.17E-01,2.01E+00,2.53E+00
2.84E+00,6.50E-01,2.53E+00,3.18E+00
3.57E+00,8.19E-01,3.18E+00,4.01E+00
4.50E+00,1.03E+00,4.01E+00,5.05E+00
5.66E+00,1.30E+00,5.05E+00,6.35E+00
7.13E+00,1.63E+00,6.35E+00,8.00E+00
8.97E+00,2.06E+00,8.00E+00,1.01E+01
1.13E+01,2.59E+00,1.01E+01,1.27E+01
1.42E+01,3.26E+00,1.27E+01,1.60E+01
1.79E+01,4.10E+00,1.60E+01,2.01E+01
2.25E+01,5.17E+00,2.01E+01,2.53E+01
2.84E+01,6.50E+00,2.53E+01,3.18E+01
3.57E+01,8.19E+00,3.18E+01,4.01E+01
4.50E+01,1.03E+01,4.01E+01,5.05E+01
5.66E+01,1.30E+01,5.05E+01,6.35E+01
7.13E+01,1.63E+01,6.35E+01,8.00E+01
8.97E+01,2.06E+01,8.00E+01,1.01E+02
1.13E+02,2.59E+01,1.01E+02,1.27E+02
1.42E+02,3.26E+01,1.27E+02,1.60E+02
1.79E+02,4.10E+01,1.60E+02,2.01E+02
2.25E+02,5.17E+01,2.01E+02,2.53E+02
2.84E+02,6.50E+01,2.53E+02,3.18E+02
3.57E+02,8.19E+01,3.18E+02,4.01E+02
4.50E+02,1.03E+02,4.01E+02,5.05E+02
5.66E+02,1.30E+02,5.05E+02,6.35E+02
7.13E+02,1.63E+02,6.35E+02,8.00E+02
8.97E+02,2.06E+02,8.00E+02,1.01E+03
1.13E+03,2.59E+02,1.01E+03,1.27E+03
1.42E+03,3.26E+02,1.27E+03,1.60E+03
1.79E+03,4.10E+02,1.60E+03,2.01E+03
2.25E+03,5.17E+02,2.01E+03,2.53E+03
2.84E+03,6.50E+02,2.53E+03,3.18E+03
3.57E+03,8.19E+02,3.18E+03,4.01E+03
4.50E+03,1.03E+03,4.01E+03,5.05E+03
5.66E+03,1.30E+03,5.05E+03,6.35E+03
7.13E+03,1.63E+03,6.35E+03,8.00E+03
8.97E+03,2.06E+03,8.00E+03,1.01E+04
1.13E+04,2.59E+03,1.01E+04,1.27E+04
1.42E+04,3.26E+03,1.27E+04,1.60E+04
1.79E+04,4.10E+03,1.60E+04,2.01E+04
2.25E+04,5.17E+03,2.01E+04,2.53E+04
2.84E+04,6.50E+03,2.53E+04,3.18E+04
3.57E+04,8.19E+03,3.18E+04,4.01E+04
4.50E+04,1.03E+04,4.01E+04,5.05E+04
5.66E+04,1.30E+04,5.05E+04,6.35E+04
7.13E+04,1.63E+04,6.35E+04,8.00E+04
8.97E+04,2.06E+04,8.00E+04,1.01E+05
1.13E+05,2.59E+04,1.01E+05,1.27E+05
1.42E+05,3.26E+04,1.27E+05,1.60E+05
1.79E+05,4.10E+04,1.60E+05,2.01E+05
2.25E+05,5.17E+04,2.01E+05,2.53E+05
2.84E+05,6.50E+04,2.53E+05,3.18E+05
3.57E+05,8.19E+04,3.18E+05,4.01E+05
4.50E+05,1.03E+05,4.01E+05,5.05E+05
5.66E+05,1.30E+05,5.05E+05,6.35E+05
7.13E+05,1.63E+05,6.35E+05,8.00E+05
8.97E+05,2.06E+05,8.00E+05,1.01E+06
1.13E+06,2.59E+05,1.01E+06,1.27E+06
1.42E+06,3.26E+05,1.27E+06,1.60E+06
1.79E+06,4.10E+05,1.60E+06,2.01E+06
2.25E+06,5.17E+05,2.01E+06,2.53E+06
2.84E+06,6.50E+05,2.53E+06,3.18E+06
3.57E+06,8.19E+05,3.18E+06,4.01E+06
4.50E+06,1.03E+06,4.01E+06,5.05E+06
5.66E+06,1.30E+06,5.05E+06,6.35E+06
7.13E+06,1.63E+06,6.35E+06,8.00E+06
8.97E+06,2.06E+06,8.00E+06,0.00E+00
